{"mean_episode_reward":6.809586867788752,"step":10371,"mean_reward":6.816193452961031,"_wandb":{"runtime":180},"episode_reward":-0.2,"batch_avg_reward":2.7524466514587402,"q_loss":0.7798938155174255,"_step":21673,"epsilon":0.01,"episode":1062,"_timestamp":1.749377733072178e+09,"_runtime":180.2216451,"batch_done_ratio":0.390625}